url,address,city_state_zip,full_address,lat,lon,address2,housing_type,baths,beds,sqft,soundscore,noise,central_air,date_sold,garage,lot_size,patio,porch, sold_price ,year_built
https://www.redfin.com/TX/Austin/4020-Airport-Blvd-78722/unit-17/home/144007597,4020 Airport Blvd,"Austin, TX 78722","4020 Airport Blvd Austin, TX 78722",30.29311,-97.70816, #17,Apartment,2.5,3,2145,70,Moderate Noise,Y,4/19/2021,y,6403,Y,Y,750000,2017
https://www.redfin.com/TX/Austin/2015-Manor-Rd-78722/unit-216/home/147423201,2015 Manor Rd,"Austin, TX 78722","2015 Manor RdAustin, TX 78722",30.28388,-97.7205,"#216,",Apartment,1,0,520,70,Moderate Noise,Y,8/23/2019,Y,28750,N,N,218000,2019
https://www.redfin.com/TX/Austin/2015-Manor-Rd-78722/unit-118/home/146397104,2015 Manor Rd,"Austin, TX 78722","2015 Manor Rd Austin, TX 78722",30.28388,-97.7205,"#118,",Apartment,1,1,744,70,Moderate Noise,Y,8/21/2019,Y,28750,N,N,274920,2019
https://www.redfin.com/TX/Austin/4020-Airport-Blvd-78722/unit-16/home/144007596,4020 Airport Blvd,"Austin, TX 78722","4020 Airport BlvdAustin, TX 78722",30.29311,-97.7082,#16,Apartment,3,4,2186,70,Moderate Noise,Y,7/30/2018,Y,3049,Y,Y,549000,2017
https://www.redfin.com/TX/Austin/4020-Airport-Blvd-78722/unit-11/home/144007591,4020 Airport Blvd,"Austin, TX 78722","4020 Airport BlvdAustin, TX 78722",30.29311,-97.7082,#11,Apartment,2.5,3,1931,70,Moderate Noise,Y,5/25/2018,Y,3843,Y,N,489000,2018
https://www.redfin.com/TX/Austin/4004-Airport-Blvd-78722/unit-19/home/144007599,4020 Airport Blvd,"Austin, TX 78722","4020 Airport BlvdAustin, TX 78722",30.29311,-97.7082,#19,Apartment,2.5,3,1931,70,Moderate Noise,Y,2/21/2019,Y,3843,Y,N,528650,2018
https://www.redfin.com/TX/Austin/4020-Airport-Blvd-78722/unit-5/home/144007585,4020 Airport Blvd,"Austin, TX 78722","4020 Airport BlvdAustin, TX 78722",30.29311,-97.7082,#5,Apartment,2.5,2,1500,70,Moderate Noise,Y,9/29/2017,Y,2928,Y,N,435000,2017
https://www.redfin.com/TX/Austin/4020-Airport-Blvd-78722/unit-1/home/144007581,4020 Airport Blvd,"Austin, TX 78722","4020 Airport BlvdAustin, TX 78722",30.29311,-97.7082,#1,Apartment,2,2,1498,70,Moderate Noise,N,1/31/2018,N,3049,Y,Y,452000,2017
https://www.redfin.com/TX/Austin/2213-Poquito-St-78722/unit-309/home/169742754,2213 Poquito St,"Austin, TX 78722","2213 Poquito St Austin, TX 78722",30.28374,-97.72066," #309,",Apartment,2.5,2,1602,71,Moderate Noise,Y,5/5/2021,Y,28750,N,N,650000,2018
https://www.redfin.com/TX/Austin/2213-Poquito-St-78722/unit-106/home/169742705,2213 Poquito St,"Austin, TX 78722","2213 Poquito St Austin, TX 78722",30.28374,-97.72066," #106, Austin, TX 78722",Apartment,1.5,2,1125,71,Moderate Noise,Y,10/21/2020,Y,28750,Y,Y,500000,2019
https://www.redfin.com/TX/Austin/2213-Poquito-St-78722/unit-122/home/169742716,2213 Poquito St,"Austin, TX 78722","2213 Poquito St Austin, TX 78722",30.28374,-97.72066,Unit #122,Apartment,1,1,747,71,Moderate Noise,Y,10/3/2020,Y,28750,Y,N,289000,2018
https://www.redfin.com/TX/Austin/2213-Poquito-St-78722/unit-105/home/169742703,2213 Poquito St,"Austin, TX 78722","2213 Poquito St Austin, TX 78722",30.28374,-97.72066," #105,",Apartment,1,1,820,71,Moderate Noise,Y,7/20/2020,Y,28750,Y,Y,312000,2018
https://www.redfin.com/TX/Austin/2213-Poquito-St-78722/unit-101/home/148601681,2213 Poquito St,"Austin, TX 78722","2213 Poquito St Austin, TX 78722",30.28374,-97.72066," #101, Austin, TX 78722",Apartment,1,1,821,71,Moderate Noise,N,8/18/2020,N,28750,N,N,317000,2019
https://www.redfin.com/TX/Austin/2213-Poquito-St-78722/unit-124/home/148026373,2213 Poquito St,"Austin, TX 78722","2213 Poquito StAustin, TX 78722",30.28374,-97.7207,#124,Apartment,1,1,744,71,Moderate Noise,Y,12/31/2019,Y,28750,Y,N,290000,2019
https://www.redfin.com/TX/Austin/2213-Poquito-St-78722/unit-220/home/167102333,2213 Poquito St,"Austin, TX 78722","2213 Poquito StAustin, TX 78722",30.28374,-97.7207,#220,Apartment,1,0,520,71,Moderate Noise,Y,8/16/2019,Y,28750,N,N,220000,2019
https://www.redfin.com/TX/Austin/2213-Poquito-St-78722/unit-111/home/160628665,2213 Poquito St,"Austin, TX 78722","2213 Poquito StAustin, TX 78722",30.28374,-97.7207,#111,Apartment,1,0,407,71,Moderate Noise,Y,8/23/2019,Y,28750,N,N,144200,2019
https://www.redfin.com/TX/Austin/2213-Poquito-St-78722/unit-112/home/167025683,2213 Poquito St,"Austin, TX 78722","2213 Poquito StAustin, TX 78722",30.28374,-97.7207,#112,Apartment,1,0,407,71,Moderate Noise,Y,10/31/2019,Y,28750,N,N,144200,2019
https://www.redfin.com/TX/Austin/2213-Poquito-St-78722/unit-127/home/169633162,2213 Poquito St,"Austin, TX 78722","2213 Poquito StAustin, TX 78722",30.28374,-97.7207,#127,Apartment,2,2,1016,71,Moderate Noise,Y,12/2/2019,Y,28750,N,N,395000,2019
https://www.redfin.com/TX/Austin/2213-Poquito-St-78722/unit-110/home/160751482,2213 Poquito St,"Austin, TX 78722","2213 Poquito St Austin, TX 78722",30.28374,-97.7207,#110,Apartment,1,0,407,71,Moderate Noise,Y,12/9/2019,Y,28750,N,N,175000,2019
https://www.redfin.com/TX/Austin/2213-Poquito-St-78722/unit-222/home/167071317,2213 Poquito St,", Austin, TX 78722","2213 Poquito St , Austin, TX 78722",30.28374,-97.7207,#222,Apartment,2,2,1214,71,Moderate Noise,Y,9/5/2019,Y,28750,N,N,440000,2019
https://www.redfin.com/TX/Austin/2401-Manor-Rd-78722/unit-205/home/147339429,2401 Manor Rd,"Austin, TX 78722","2401 Manor Rd Austin, TX 78722",30.28437,-97.71663,Unit #205,Apartment,1,2,820,74,Moderate Noise,Y,3/20/2021,Y,61855,N,N,215000,1963
https://www.redfin.com/TX/Austin/2401-Manor-Rd-78722/unit-128/home/147334463,2401 Manor Rd,"Austin, TX 78722","2401 Manor Rd Austin, TX 78722",30.28437,-97.71663," #128,",Apartment,1,1,700,74,Moderate Noise,Y,7/7/2020,Y,61855,N,N,194900,1963
https://www.redfin.com/TX/Austin/2401-Manor-Rd-78722/unit-224/home/147334474,2401 Manor Rd,"Austin, TX 78722","2401 Manor Rd Austin, TX 78722",30.28437,-97.71663," #224,",Apartment,1,1,700,74,Moderate Noise,Y,8/6/2020,Y,61855,N,N,207500,1963
https://www.redfin.com/TX/Austin/2401-Manor-Rd-78722/unit-127/home/147339416,2401 Manor Rd,"Austin, TX 78722","2401 Manor Rd Austin, TX 78722",30.28437,-97.71663," #127,",Apartment,1,1,700,74,Moderate Noise,Y,6/26/2020,N,61855,N,N,195800,1963
https://www.redfin.com/TX/Austin/2401-Manor-Rd-78722/unit-103/home/147116483,2401 Manor Rd,"Austin, TX 78722","2401 Manor Rd Austin, TX 78722",30.28437,-97.71663,"#103, Austin, TX 78722",Apartment,1,2,820,74,Moderate Noise,Y,5/1/2021,N,61855,N,N,219000,1963
https://www.redfin.com/TX/Austin/2401-Manor-Rd-78722/unit-219/home/147339446,2401 Manor Rd ,"Austin, TX 78722","2401 Manor Rd  Austin, TX 78722",30.28437,-97.71663,"#219,",Apartment,1,2,820,74,Moderate Noise,Y,1/7/2020,N,61855,N,N,226500,1963
https://www.redfin.com/TX/Austin/2401-Manor-Rd-78722/unit-120/home/147339407,2401 Manor Rd ,"Austin, TX 78722","2401 Manor Rd  Austin, TX 78722",30.28437,-97.71663,"#120,",Apartment,1,2,800,74,Moderate Noise,Y,12/1/2020,Y,61855,N,N,210000,1963
https://www.redfin.com/TX/Austin/2401-Manor-Rd-78722/unit-216A/home/147339469,2401 Manor Rd ,"Austin, TX 78722","2401 Manor Rd  Austin, TX 78722",30.28437,-97.71663,"Unit 216A,",Apartment,1,1,419,74,Moderate Noise,Y,5/5/2021,N,61855,N,N,155000,1963
https://www.redfin.com/TX/Austin/2401-Manor-Rd-78722/unit-203/home/147334468,2401 Manor Rd ,"Austin, TX 78722","2401 Manor Rd  Austin, TX 78722",30.28437,-97.71663,"203,",Apartment,1,2,820,74,Moderate Noise,Y,3/31/2021,N,61855,N,N,208000,1963
https://www.redfin.com/TX/Austin/2401-Manor-Rd-78722/unit-212/home/147339439,2401 Manor Rd ,"Austin, TX 78722","2401 Manor Rd  Austin, TX 78722",30.28437,-97.71663,"#212,",Apartment,1,2,820,74,Moderate Noise,Y,1/25/2021,N,61855,N,N,209000,1963
https://www.redfin.com/TX/Austin/2401-Manor-Rd-78722/unit-113/home/147334459,2401 Manor Rd ,"Austin, TX 78722","2401 Manor Rd  Austin, TX 78722",30.28437,-97.71663,#113,Apartment,1,2,820,74,Moderate Noise,Y,12/21/2020,Y,61855,N,N,203900,1963
https://www.redfin.com/TX/Austin/2401-Manor-Rd-78722/unit-101/home/147339382,2401 Manor Rd,"Austin, TX 78722","2401 Manor Rd Austin, TX 78722",30.28437,-97.7166,#101,Apartment,1,2,800,74,Moderate Noise,Y,7/12/2019,Y,61855,N,N,215000,1963
https://www.redfin.com/TX/Austin/2401-Manor-Rd-78722/unit-235/home/145274154,2401 Manor Rd,"Austin, TX 78722","2401 Manor Rd Austin, TX 78722",30.28437,-97.7166,#235,Apartment,1,2,770,74,Moderate Noise,Y,10/12/2018,Y,61855,N,N,209900,1963
https://www.redfin.com/TX/Austin/2401-Manor-Rd-78722/unit-233/home/147339459,2401 Manor Rd,", Austin, TX 78722","2401 Manor Rd , Austin, TX 78722",30.28437,-97.7166,#233,Apartment,1,2,800,74,Moderate Noise,Y,5/22/2019,Y,61855,N,N,210000,1963
https://www.redfin.com/TX/Austin/2401-Manor-Rd-78722/unit-201/home/143090026,2401 Manor Rd,", Austin, TX 78722","2401 Manor Rd , Austin, TX 78722",30.28437,-97.7166,#201,Apartment,1,2,820,74,Moderate Noise,Y,8/4/2017,N,61855,N,N,209900,1963
https://www.redfin.com/TX/Austin/2401-Manor-Rd-78722/unit-204/home/147334469,2401 Manor Rd,", Austin, TX 78722","2401 Manor Rd , Austin, TX 78722",30.28437,-97.7166,#204,Apartment,1,2,800,74,Moderate Noise,Y,10/10/2019,N,61855,N,N,215000,1963
https://www.redfin.com/TX/Austin/1110-Concordia-Ave-78705/home/53499914,1110 Concordia Ave,"Austin, TX 78722","1110 Concordia Ave Austin, TX 78722",30.29271,-97.72007,,House,4,4,2165,63,High Noise,N,1/8/2021,N,4356,N,N,690000,2013
https://www.redfin.com/TX/Austin/3306-Robinson-Ave-78722/home/31406894,3306 Robinson Ave,"Austin, TX 78722","3306 Robinson AveAustin, TX 78722",30.29104,-97.721,,House,1,2,919,63,High Noise,Y,11/25/2019,Y,6186,Y,Y,485000,1950
https://www.redfin.com/TX/Austin/4202-Bradwood-Rd-78722/home/31418633,4202 Bradwood Rd,"Austin, TX 78722","4202 Bradwood RdAustin, TX 78722",30.29885,-97.7163,,House,4,4,1956,63,High Noise,N,4/10/2018,Y,15246,Y,Y,438000,1941
https://www.redfin.com/TX/Austin/3312-Robinson-Ave-78722/unit-B/home/31406891,3312 Robinson Ave,"Austin, TX 78722","3312 Robinson AveAustin, TX 78722",30.29141,-97.7208,Unit B,House,2,1,1414,64,High Noise,N,7/5/2017,N,6329,N,N,339900,2016
https://www.redfin.com/TX/Austin/3402-Robinson-Ave-78722/home/31406889,3402 Robinson Ave,"Austin, TX 78722","3402 Robinson AveAustin, TX 78722",30.29163,-97.7206,,House,2,3,1699,64,High Noise,Y,3/29/2017,N,6403,Y,Y,455000,1936
https://www.redfin.com/TX/Austin/3412-Robinson-Ave-78722/home/31406884,3412 Robinson Ave,"Austin, TX 78722","3412 Robinson AveAustin, TX 78722",30.29212,-97.7203,,House,1,2,980,64,High Noise,Y,12/31/2019,N,6403,Y,Y,412000,1935
https://www.redfin.com/TX/Austin/3508-Robinson-Ave-78722/home/31406816,"3508 Robinson Ave,","Austin, TX 78722","3508 Robinson Ave,Austin, TX 78722",30.29312,-97.7196,,House,1,2,852,64,High Noise,N,8/16/2018,N,6316,N,N,323000,1947
https://www.redfin.com/TX/Austin/3507-Robinson-Ave-78722/home/31406852,"3507 Robinson Ave,","Austin, TX 78722","3507 Robinson Ave, Austin, TX 78722",30.29282,-97.71927,,House,1,2,840,65,High Noise,N,9/8/2020,N,5227,N,N,415000,1939
https://www.redfin.com/TX/Austin/3503-Robinson-Ave-78722/home/31406842,3503 Robinson Av,"Austin, TX 78722","3503 Robinson Av Austin, TX 78722",30.29256,-97.71944,,House,2,2,808,65,High Noise,Y,10/14/2020,Y,5053,Y,Y,425000,1939
https://www.redfin.com/TX/Austin/3110-Robinson-Ave-78722/unit-B/home/113357128,3110 Robinson Ave ,"Austin, TX 78722","3110 Robinson Ave  Austin, TX 78722",30.28898,-97.72206,Unit B,House,1.5,2,1108,65,High Noise,Y,8/5/2020,Y,8276,Y,Y,462000,2016
https://www.redfin.com/TX/Austin/3407-Robinson-Ave-78722/home/31406831,"3407 Robinson Ave,","Austin, TX 78722","3407 Robinson Ave, Austin, TX 78722",30.29167,-97.72003,,House,1,2,960,65,High Noise,Y,8/19/2020,N,5140,Y,Y,500290,1941
https://www.redfin.com/TX/Austin/1204-Crestwood-Rd-78722/home/31418007,1204 Crestwood Rd,"Austin, TX 78722","1204 Crestwood Rd Austin, TX 78722",30.3003,-97.71458,,House,2,3,1907,65,High Noise,N,8/14/2020,Y,12632,N,Y,580000,1947
https://www.redfin.com/TX/Austin/4100-Bradwood-Rd-78722/home/31418651,"4100 Bradwood Rd,","Austin, TX 78722","4100 Bradwood Rd, Austin, TX 78722",30.29767,-97.71641,,House,2,2,2384,65,High Noise,Y,3/9/2021,Y,14375,Y,Y,709000,1958
https://www.redfin.com/TX/Austin/1201-E-28th-St-78722/home/109938766,1201 E 28th St,"Austin, TX 78722","1201 E 28th StAustin, TX 78722",30.28617,-97.7234,,House,2,3,1261,65,High Noise,Y,7/1/2019,Y,3615,Y,N,442000,1998
https://www.redfin.com/TX/Austin/3708-Hollywood-Ave-78722/home/31406612,3708 Hollywood Ave,", Austin, TX 78722","3708 Hollywood Ave, Austin, TX 78722",30.29349,-97.7184,,House,1,2,776,65,High Noise,Y,4/23/2019,N,4922,N,N,330000,1946
https://www.redfin.com/TX/Austin/3709-Hollywood-Ave-78722/home/31406582,"3709 Hollywood Ave,","Austin, TX 78722","3709 Hollywood Ave, Austin, TX 78722",30.29333,-97.71801,,House,1,2,672,66,High Noise,N,12/10/2020,N,5009,N,N,405000,1947
https://www.redfin.com/TX/Austin/3710-Werner-Ave-78722/home/31406682,3710 Werner Ave,"Austin, TX 78722","3710 Werner Ave Austin, TX 78722",30.29327,-97.71764,,House,1,2,738,66,High Noise,Y,1/9/2021,Y,5053,N,Y,425000,1952
https://www.redfin.com/TX/Austin/3111-Robinson-Ave-78722/home/31401017,"3111 Robinson Ave,","Austin, TX 78722","3111 Robinson Ave, Austin, TX 78722",30.28873,-97.72164,,House,2,2,878,66,High Noise,Y,6/8/2020,N,6578,Y,Y,467000,1932
https://www.redfin.com/TX/Austin/4323-Airport-Blvd-78722/home/31417968,"4323 Airport Blvd,","Austin, TX 78722","4323 Airport Blvd, Austin, TX 78722",30.30007,-97.71126,,House,1,2,858,66,High Noise,N,4/9/2021,N,8320,N,N,525000,1947
https://www.redfin.com/TX/Austin/4327-Airport-Blvd-78722/home/31417970,"4327 Airport Blvd,","Austin, TX 78722","4327 Airport Blvd, Austin, TX 78722",30.30024,-97.7116,,House,2,3,1602,66,High Noise,Y,3/22/2021,Y,8320,N,N,545000,1947
https://www.redfin.com/TX/Austin/4320-Airport-Blvd-78722/home/31418686,"4320 Airport Blvd,","Austin, TX 78722","4320 Airport Blvd, Austin, TX 78722",30.29933,-97.711487,,House,2,3,1650,66,High Noise,Y,5/24/2019,Y,9409,Y,Y,570000,1947
https://www.redfin.com/TX/Austin/1206-Crestwood-Rd-78722/home/31418008,"1206 Crestwood Rd,","Austin, TX 78722","1206 Crestwood Rd, Austin, TX 78722",30.3002,-97.71442,,House,2,3,2005,66,High Noise,Y,7/31/2020,N,10716,Y,Y,675000,1947
https://www.redfin.com/TX/Austin/3101-Robinson-Ave-78722/home/31401021,3101 Robinson Ave,"Austin, TX 78722","3101 Robinson AveAustin, TX 78722",30.28812,-97.722,,House,1,2,1471,66,High Noise,Y,2/9/2018,N,6460,Y,Y,470000,1947
https://www.redfin.com/TX/Austin/3204-Hollywood-Ave-78722/home/31401059,"3204 Hollywood Ave,","Austin, TX 78722","3204 Hollywood Ave,Austin, TX 78722",30.28995,-97.7209,,House,1,2,1026,66,High Noise,Y,6/16/2017,Y,8276,N,Y,426750,1948
https://www.redfin.com/TX/Austin/3510-Hollywood-Ave-78722/home/31406608,3510 Hollywood Ave,"Austin, TX 78722","3510 Hollywood AveAustin, TX 78722",30.29291,-97.7188,,House,1,2,856,66,High Noise,Y,7/2/2019,Y,4961,N,N,410000,1946
https://www.redfin.com/TX/Austin/3705-Hollywood-Ave-78722/home/31406599,3705 Hollywood Ave,"Austin, TX 78722","3705 Hollywood AveAustin, TX 78722",30.29308,-97.7182,,House,2,2,1239,66,High Noise,Y,10/15/2019,Y,4907,Y,Y,450000,1946
https://www.redfin.com/TX/Austin/4331-Airport-Blvd-78722/home/31418019,4331 Airport Blvd,", Austin, TX 78722","4331 Airport Blvd, Austin, TX 78722",30.30044,-97.712,,House,2,3,1520,66,High Noise,Y,7/17/2017,Y,6000,Y,N,423000,1948
https://www.redfin.com/TX/Austin/4401-Parkwood-Rd-78722/home/31418017,4401 Parkwood Rd,"Austin, TX 78722","4401 Parkwood RdAustin, TX 78722",30.30064,-97.7123,,House,2,3,1776,66,High Noise,Y,8/3/2018,Y,10890,Y,Y,450000,1949
https://www.redfin.com/TX/Austin/4402-Airport-Blvd-78722/home/31418015,4402 Airport Blvd,"Austin, TX 78722","4402 Airport BlvdAustin, TX 78722",30.30032,-97.7135,,House,2,3,2626,66,High Noise,Y,4/6/2018,N,11326,Y,Y,460000,1946
https://www.redfin.com/TX/Austin/4322-Airport-Blvd-78722/home/31418687,4322 Airport Blvd,"Austin, TX 78722","4322 Airport Blvd Austin, TX 78722",30.29943,-97.71166,,House,1,3,1000,67,High Noise,N,8/13/2020,Y,9496,N,N,362000,1950
https://www.redfin.com/TX/Austin/3305-Hollywood-Ave-78722/home/31406632,3305 Hollywood Ave,"Austin, TX 78722","3305 Hollywood Ave Austin, TX 78722",30.29036,-97.71993,,House,1,2,884,67,High Noise,Y,8/27/2020,Y,5184,N,N,408000,1946
https://www.redfin.com/TX/Austin/1208-Fernwood-Rd-78722/home/31422392,"1208 Fernwood Rd,","Austin, TX 78722","1208 Fernwood Rd, Austin, TX 78722",30.30169,-97.71281,,House,2,3,1856,67,High Noise,Y,7/10/2020,Y,10454,N,N,470000,1947
https://www.redfin.com/TX/Austin/3300-Werner-Ave-78722/home/31406547,3300 Werner Ave,"Austin, TX 78722","3300 Werner Ave Austin, TX 78722",30.29001,-97.71981,,House,1,2,1132,67,High Noise,Y,1/21/2021,Y,4879,Y,Y,539600,1942
https://www.redfin.com/TX/Austin/1209-Fairwood-Rd-78722/home/31422381,"1209 Fairwood Rd,","Austin, TX 78722","1209 Fairwood Rd, Austin, TX 78722",30.30213,-97.71252,,House,1,3,1260,67,High Noise,Y,3/10/2021,Y,9074,Y,Y,584807,1952
https://www.redfin.com/TX/Austin/1205-E-32nd-St-78722/home/31401028,1205 E 32nd St,"Austin, TX 78722","1205 E 32nd St Austin, TX 78722",30.28867,-97.72126,,House,2,4,1700,67,High Noise,Y,10/29/2020,N,6490,Y,Y,687000,1941
https://www.redfin.com/TX/Austin/3706-Werner-Ave-78722/home/31406684,3706 Werner Ave,"Austin, TX 78722","3706 Werner Ave Austin, TX 78722",30.29305,-97.71777,,House,2,3,1466,67,High Noise,Y,9/30/2020,Y,5053,Y,Y,710000,1947
https://www.redfin.com/TX/Austin/1204-E-32nd-St-78722/home/31401052,1204 E 32nd St,"Austin, TX 78722","1204 E 32nd StAustin, TX 78722",30.28908,-97.7212,,House,2,3,1388,67,High Noise,N,10/18/2019,N,8037,N,N,380000,1947
https://www.redfin.com/TX/Austin/1204-Fernwood-Rd-78722/home/31422390,1204 Fernwood Rd,"Austin, TX 78722","1204 Fernwood RdAustin, TX 78722",30.30187,-97.7131,,House,2,3,1894,67,High Noise,N,9/6/2019,N,10224,N,N,535000,1947
https://www.redfin.com/TX/Austin/1302-Crestwood-Rd-78722/home/31418002,"1302 Crestwood Rd,","Austin, TX 78722","1302 Crestwood Rd,Austin, TX 78722",30.29999,-97.714,,House,2,4,2441,67,High Noise,Y,5/18/2020,N,11326,Y,Y,872500,1946
https://www.redfin.com/TX/Austin/3208-Dancy-St-78722/home/31401046,3208 Dancy St,"Austin, TX 78722","3208 Dancy StAustin, TX 78722",30.28935,-97.7205,,House,2,3,1500,67,High Noise,Y,5/25/2018,N,6882,Y,Y,565000,1948
https://www.redfin.com/TX/Austin/3303-Hollywood-Ave-78722/home/31406636,"3303 Hollywood Ave,","Austin, TX 78722","3303 Hollywood Ave,Austin, TX 78722",30.29027,-97.72,,House,1,2,1020,67,High Noise,Y,4/29/2019,N,5184,Y,Y,425000,1947
https://www.redfin.com/TX/Austin/3308-Werner-Ave-78722/home/31406556,3308 Werner Ave,"Austin, TX 78722","3308 Werner AveAustin, TX 78722",30.29045,-97.7194,,House,1,2,916,67,High Noise,Y,6/15/2017,N,4835,N,N,365000,1946
https://www.redfin.com/TX/Austin/3506-Werner-Ave-78722/home/31406689,3506 Werner Ave,"Austin, TX 78722","3506 Werner AveAustin, TX 78722",30.29242,-97.7183,,House,3,5,2372,67,High Noise,N,11/14/2016,N,7457,N,N,524000,1940
https://www.redfin.com/TX/Austin/3711-Werner-Ave-78722/home/31406671,3711 Werner Ave,"Austin, TX 78722","3711 Werner AveAustin, TX 78722",30.29307,-97.7172,,House,1,3,954,67,High Noise,N,3/28/2018,N,4953,N,N,415000,1975
https://www.redfin.com/TX/Austin/4102-Wildwood-Rd-78722/home/31418676,4102 Wildwood Rd,"Austin, TX 78722","4102 Wildwood RdAustin, TX 78722",30.29792,-97.7153,,House,2,4,1998,67,High Noise,N,9/11/2019,N,11326,N,N,694500,1951
https://www.redfin.com/TX/Austin/4505-Elwood-Rd-78722/home/31422438,4505 Elwood Rd,"Austin, TX 78722","4505 Elwood RdAustin, TX 78722",30.30236,-97.7131,,House,2,3,1505,67,High Noise,N,3/29/2018,N,8712,N,N,350000,1946
https://www.redfin.com/TX/Austin/3514-Lafayette-Ave-78722/home/31406676,"3514 Lafayette Ave,","Austin, TX 78722","3514 Lafayette Ave, Austin, TX 78722",30.29246,-97.71719,,House,1,2,776,68,High Noise,Y,8/19/2020,Y,5018,Y,Y,430000,1946
https://www.redfin.com/TX/Austin/3204-Lafayette-Ave-78722/home/31402450,3204 Lafayette Ave,"Austin, TX 78722","3204 Lafayette Ave Austin, TX 78722",30.28865,-97.71972,,House,2,4,1648,68,High Noise,N,9/28/2020,Y,7057,Y,Y,575000,1939
https://www.redfin.com/TX/Austin/3402-Werner-Ave-78722/home/31406540,"3402 Werner Ave,","Austin, TX 78722","3402 Werner Ave, Austin, TX 78722",30.29093,-97.71917,,House,2.5,3,1337,68,High Noise,Y,1/10/2020,Y,4835,Y,Y,660000,1938
https://www.redfin.com/TX/Austin/3311-Werner-Ave-78722/home/31406700,"3311 Werner Ave,","Austin, TX 78722","3311 Werner Ave, Austin, TX 78722",30.29041,-97.71897,,House,2,2,1336,68,High Noise,Y,4/7/2021,Y,5401,Y,Y,696200,1947
https://www.redfin.com/TX/Austin/1406-E-37th-St-78722/home/31402352,1406 E 37th St,"Austin, TX 78722","1406 E 37th St Austin, TX 78722",30.29213,-97.71618,,House,2,3,1168,68,High Noise,Y,4/21/2021,Y,29185,Y,Y,745000,1950
https://www.redfin.com/TX/Austin/3214-Lafayette-Ave-78722/home/31402473,"3214 Lafayette Ave,","Austin, TX 78722","3214 Lafayette Ave, Austin, TX 78722",30.28926,-97.71931,,House,15,3,1386,68,High Noise,Y,4/5/2021,Y,7100,N,Y,865000,1941
https://www.redfin.com/TX/Austin/3110-Lafayette-Ave-78722/home/31402494,3110 Lafayette Ave,"Austin, TX 78722","3110 Lafayette Ave Austin, TX 78722",30.28801,-97.72009,,House,2,3,1673,68,High Noise,N,3/5/2021,N,6970,N,N,905000,1939
https://www.redfin.com/TX/Austin/1305-E-29th-St-78722/home/31402585,"1305 E 29th St,","Austin, TX 78722","1305 E 29th St,Austin, TX 78722",30.28606,-97.7217,,House,2,3,1657,68,High Noise,Y,4/1/2019,N,6490,Y,Y,620000,1937
https://www.redfin.com/TX/Austin/2947-Pannell-St-78722/home/31393121,2947 Pannell St,"Austin, TX 78722","2947 Pannell StAustin, TX 78722",30.2843,-97.7054,,House,2,3,1306,68,High Noise,Y,7/5/2017,N,6926,N,N,419000,1948
https://www.redfin.com/TX/Austin/3102-Lafayette-Ave-78722/home/31402490,"3102 Lafayette Ave,","Austin, TX 78722","3102 Lafayette Ave,Austin, TX 78722",30.28749,-97.7205,,House,1,2,1317,68,High Noise,Y,1/26/2018,Y,6970,Y,Y,524675,1941
https://www.redfin.com/TX/Austin/3401-Werner-Ave-78722/home/31406702,3401 Werner Ave,"Austin, TX 78722","3401 Werner Ave Austin, TX 78722",30.29063,-97.7188,"#2,",House,3.5,3,1550,68,High Noise,Y,3/31/2020,Y,3700,N,N,729000,2020
https://www.redfin.com/TX/Austin/3412-Werner-Ave-78722/home/31406543,3412 Werner Ave,"Austin, TX 78722","3412 Werner AveAustin, TX 78722",30.29155,-97.7188,,House,4,6,2346,68,High Noise,N,2/1/2018,N,4909,N,N,285000,2018
https://www.redfin.com/TX/Austin/3412-Werner-Ave-78722/unit-A/home/172474205,3412 Werner Ave,"Austin, TX 78722","3412 Werner Ave Austin, TX 78722",30.29155,-97.7188,Unit A,House,2,3,1204,68,High Noise,Y,8/28/2019,N,5016,N,N,535000,2019
https://www.redfin.com/TX/Austin/3507-Werner-Ave-78722/home/31406664,3507 Werner Ave,"Austin, TX 78722","3507 Werner AveAustin, TX 78722",30.29214,-97.7179,,House,2,3,1266,68,High Noise,N,3/1/2019,Y,5018,Y,Y,335000,1950
https://www.redfin.com/TX/Austin/3700-Lafayette-Ave-78722/home/31406677,"3700 Lafayette Ave,","Austin, TX 78722","3700 Lafayette Ave,Austin, TX 78722",30.29258,-97.7171,,House,2,2,1064,68,High Noise,Y,4/24/2019,Y,7400,Y,Y,520000,1947
https://www.redfin.com/TX/Austin/3002-French-Pl-78722/unit-2/home/172476484,3002 French Pl ,"Austin, TX 78722","3002 French Pl  Austin, TX 78722",30.28651,-97.71975,#2,House,2,2,999,69,Moderate Noise,Y,8/19/2020,Y,4356,Y,Y,475000,2020
https://www.redfin.com/TX/Austin/4113-Lullwood-Rd-78722/home/31417609,"4113 Lullwood Rd,","Austin, TX 78722","4113 Lullwood Rd, Austin, TX 78722",30.29764,-97.71334,,House,2,3,2593,69,Moderate Noise,N,10/16/2020,Y,11326,N,N,500000,1950
https://www.redfin.com/TX/Austin/2902-Lafayette-Ave-78722/home/31402572,"2902 Lafayette Ave,","Austin, TX 78722","2902 Lafayette Ave, Austin, TX 78722",30.28628,-97.72096,,House,2,3,1222,69,Moderate Noise,Y,7/7/2020,N,6055,Y,Y,650000,1935
https://www.redfin.com/TX/Austin/1403-Crestwood-Rd-78722/home/31417997,"1403 Crestwood Rd,","Austin, TX 78722","1403 Crestwood Rd, Austin, TX 78722",30.29869,-97.71232,,House,3,2,1786,69,Moderate Noise,Y,4/15/2021,Y,29185,Y,Y,840000,1951
https://www.redfin.com/TX/Austin/3309-Lafayette-Ave-78722/unit-1-2/home/172602645,3309 Lafayette Ave,"Austin, TX 78722","3309 Lafayette Ave Austin, TX 78722",30.29001,-97.71825,,House,3,4,2011,69,Moderate Noise,Y,11/13/2020,Y,11326,Y,Y,910000,1946
https://www.redfin.com/TX/Austin/4003-Wrightwood-Rd-78722/home/31411399,"4003 Wrightwood Rd,","Austin, TX 78722","4003 Wrightwood Rd, Austin, TX 78722",30.29594,-97.71451,,House,5,3,2379,69,Moderate Noise,N,4/8/2021,N,12632,N,N,1332000,1947
https://www.redfin.com/TX/Austin/1313-Ardenwood-Rd-78722/home/31418677,1313 Ardenwood Rd,"Austin, TX 78722","1313 Ardenwood Rd Austin, TX 78722",30.29798,-97.71309,,House,3,5,3503,69,Moderate Noise,Y,11/9/2020,Y,21780,Y,Y,1395000,1952
https://www.redfin.com/TX/Austin/1307-E-29th-St-78722/home/31402586,1307 E 29th St,"Austin, TX 78722","1307 E 29th StAustin, TX 78722",30.28599,-97.7215,,House,1,3,1476,69,Moderate Noise,Y,11/27/2017,N,6142,N,N,520000,1939
https://www.redfin.com/TX/Austin/1313-Bentwood-Rd-78722/home/31422357,1313 Bentwood Rd,"Austin, TX 78722","1313 Bentwood RdAustin, TX 78722",30.30183,-97.7111,,House,2,3,2200,69,Moderate Noise,Y,5/8/2020,N,9060,N,Y,465000,1948
https://www.redfin.com/TX/Austin/3907-Grayson-Ln-78722/home/31407594,3907 Grayson Ln,"Austin, TX 78722","3907 Grayson LnAustin, TX 78722",30.29093,-97.708,,House,2,3,1616,69,Moderate Noise,Y,2/23/2017,Y,9845,Y,N,420000,1963
https://www.redfin.com/TX/Austin/4114-Lullwood-Rd-78722/home/31418598,4114 Lullwood Rd,"Austin, TX 78722","4114 Lullwood RdAustin, TX 78722",30.2973,-97.7138,,House,2,3,2092,69,Moderate Noise,N,3/23/2018,Y,10759,N,N,652500,1948
https://www.redfin.com/TX/Austin/2943-Higgins-St-78722/home/31393175,2943 Higgins St,"Austin, TX 78722","2943 Higgins St Austin, TX 78722",30.28258,-97.70576,,House,1,1,576,70,Moderate Noise,Y,8/21/2020,Y,6055,Y,Y,319999,1947
https://www.redfin.com/TX/Austin/3405-Banton-Rd-78722/home/31403092,3405 Banton Rd,"Austin, TX 78722","3405 Banton Rd Austin, TX 78722",30.28657,-97.70791,,House,1,3,1233,70,Moderate Noise,Y,8/13/2020,Y,7540,Y,Y,390000,1948
https://www.redfin.com/TX/Austin/4210-Wilshire-Pkwy-78722/home/31417593,"4210 Wilshire Pkwy,","Austin, TX 78722","4210 Wilshire Pkwy, Austin, TX 78722",30.29762,-97.71208,,House,1,2,944,70,Moderate Noise,Y,12/22/2020,Y,7579,Y,Y,425000,1947
https://www.redfin.com/TX/Austin/1406-E-34th-St-78722/unit-B/home/172580476,1406 E 34th St ,"Austin, TX 78722","1406 E 34th St  Austin, TX 78722",30.29065,-97.7173,"Unit B,",House,2.5,2,893,70,Moderate Noise,Y,10/16/2020,Y,5968,Y,Y,442500,2020
https://www.redfin.com/TX/Austin/3001-Breeze-Ter-78722/home/31396132,"3001 Breeze Ter,","Austin, TX 78722","3001 Breeze Ter, Austin, TX 78722",30.2856,-97.71862,,House,1,2,1172,70,Moderate Noise,Y,1/9/2021,N,7667,N,N,477000,1947
https://www.redfin.com/TX/Austin/2903-Breeze-Ter-78722/home/31396136,2903 Breeze Ter,"Austin, TX 78722","2903 Breeze Ter Austin, TX 78722",30.28508,-97.71899,,House,1,2,1490,70,Moderate Noise,N,12/3/2020,Y,7231,N,N,485000,1947
https://www.redfin.com/TX/Austin/2100-Chicon-St-78722/home/31388932,"2100 Chicon St,","Austin, TX 78722","2100 Chicon St, Austin, TX 78722",30.28191,-97.7219,,House,1,2,768,70,Moderate Noise,Y,4/9/2021,Y,8494,N,Y,549999,1930
https://www.redfin.com/TX/Austin/1406-E-34th-St-78722/unit-A/home/31402512,1406 E 34th St,"Austin, TX 78722","1406 E 34th St Austin, TX 78722",30.29065,-97.7173, Unit A,House,2,2,1498,70,Moderate Noise,N,5/1/2021,Y,5981,N,N,650000,2019
https://www.redfin.com/TX/Austin/4020-Airport-Blvd-78722/unit-7/home/144007587,4020 Airport Blvd,"Austin, TX 78722","4020 Airport Blvd Austin, TX 78722",30.29311,-97.70816,#7,House,2,4,2145,70,Moderate Noise,N,2/11/2021,N,2927,N,N,650000,2017
https://www.redfin.com/TX/Austin/4209-Parkwood-Rd-78722/home/31418678,4209 Parkwood Rd,"Austin, TX 78722","4209 Parkwood Rd Austin, TX 78722",30.29782,-97.71238,,House,2,3,1768,70,Moderate Noise,Y,8/21/2020,Y,15246,Y,Y,700000,1955
https://www.redfin.com/TX/Austin/4109-Lullwood-Rd-78722/home/31417611,"4109 Lullwood Rd,","Austin, TX 78722","4109 Lullwood Rd, Austin, TX 78722",30.2972,-97.71286,,House,2,3,1666,70,Moderate Noise,Y,5/5/2021,Y,11326,Y,Y,800000,1950
https://www.redfin.com/TX/Austin/1705-E-22nd-St-78722/home/31388965,1705 E 22nd St,"Austin, TX 78722","1705 E 22nd StAustin, TX 78722",30.28237,-97.7232,,House,1,2,1012,70,Moderate Noise,N,2/19/2020,N,6708,N,N,380000,1944
https://www.redfin.com/TX/Austin/1904-Poquito-St-78722/home/31388868,1904 Poquito St,"Austin, TX 78722","1904 Poquito StAustin, TX 78722",30.28052,-97.7205,,House,1,2,864,70,Moderate Noise,N,12/28/2017,Y,3097,N,N,330000,1950
https://www.redfin.com/TX/Austin/1907-E-20th-St-78722/home/31388866,1907 E 20th St,"Austin, TX 78722","1907 E 20th StAustin, TX 78722",30.28078,-97.7207,,House,2.5,3,1882,70,Moderate Noise,Y,8/15/2018,Y,3136,N,N,533000,2012
https://www.redfin.com/TX/Austin/2107-Chicon-St-78722/home/31388936,"2107 Chicon St,","Austin, TX 78722","2107 Chicon St,Austin, TX 78722",30.28239,-97.7216,,House,2,2,532,70,Moderate Noise,N,10/5/2018,N,5706,N,N,270000,1953
https://www.redfin.com/TX/Austin/2807-French-Pl-78722/home/31394679,2807 French Pl,"Austin, TX 78722","2807 French PlAustin, TX 78722",30.28515,-97.7201,,House,3,4,2110,70,Moderate Noise,Y,11/27/2019,N,8189,Y,N,745000,1940
https://www.redfin.com/TX/Austin/2952-Higgins-St-78722/home/31393186,2952 Higgins St,"Austin, TX 78722","2952 Higgins StAustin, TX 78722",30.28313,-97.7051,,House,2,3,1228,70,Moderate Noise,Y,1/29/2019,N,6186,N,Y,350000,1948
https://www.redfin.com/TX/Austin/2954-Higgins-St-78722/home/31393187,"2954 Higgins St,","Austin, TX 78722","2954 Higgins St,Austin, TX 78722",30.2832,-97.7049,,House,2,3,1360,70,Moderate Noise,Y,3/25/2019,Y,5666,Y,N,320000,1947
https://www.redfin.com/TX/Austin/3002-Cherrywood-Rd-78722/home/31396143,3002 Cherrywood Rd,"Austin, TX 78722","3002 Cherrywood RdAustin, TX 78722",30.28543,-97.718,,House,1,3,1152,70,Moderate Noise,N,6/28/2018,N,8995,N,N,435000,1951
https://www.redfin.com/TX/Austin/3004-Breeze-Ter-78722/home/31396100,3004 Breeze Ter,"Austin, TX 78722","3004 Breeze TerAustin, TX 78722",30.28616,-97.7187,,House,2,3,1618,70,Moderate Noise,Y,7/20/2018,N,8450,N,Y,463000,1945
https://www.redfin.com/TX/Austin/3103-French-Pl-78722/home/31394693,3103 French Pl,"Austin, TX 78722","3103 French PlAustin, TX 78722",30.28713,-97.7188,,House,3,4,2091,70,Moderate Noise,Y,11/1/2016,N,7584,Y,Y,664700,1951
https://www.redfin.com/TX/Austin/3201-French-Pl-78722/home/31396114,3201 French Pl,"Austin, TX 78722","3201 French PlAustin, TX 78722",30.28773,-97.7185,,House,2,3,1800,70,Moderate Noise,Y,5/8/2019,N,6970,N,N,685000,1942
https://www.redfin.com/TX/Austin/3209-French-Pl-78722/home/31402350,3209 French Pl,"Austin, TX 78722","3209 French PlAustin, TX 78722",30.28828,-97.7181,,House,1,3,1281,70,Moderate Noise,Y,6/9/2017,N,8707,Y,N,520000,1941
https://www.redfin.com/TX/Austin/4020-Airport-Blvd-78722/unit-2/home/144007582,4020 Airport Blvd,", Austin, TX 78722","4020 Airport Blvd , Austin, TX 78722",30.29311,-97.7082,,House,2.5,3,1931,70,Moderate Noise,Y,11/30/2017,Y,3843,Y,N,499000,2017
https://www.redfin.com/TX/Austin/4020-Airport-Blvd-78722/unit-9/home/144007589,4020 Airport Blvd,", Austin, TX 78722","4020 Airport Blvd , Austin, TX 78722",30.29311,-97.7082,,House,2.5,3,2066,70,Moderate Noise,Y,10/18/2018,Y,2928,Y,N,539000,2018
https://www.redfin.com/TX/Austin/4101-Lullwood-Rd-78722/home/31417607,4101 Lullwood Rd,"Austin, TX 78722","4101 Lullwood RdAustin, TX 78722",30.29629,-97.7127,,House,2,3,2772,70,Moderate Noise,N,8/15/2019,N,15246,N,N,630000,1956
https://www.redfin.com/TX/Austin/2936-Moss-St-78722/home/31393130,2936 Moss St,"Austin, TX 78722","2936 Moss St Austin, TX 78722",30.28512,-97.70674,,House,1,2,961,71,Moderate Noise,N,10/6/2020,N,6013,N,Y,398500,1948
https://www.redfin.com/TX/Austin/2414-E-Martin-Luther-King-Junior-Blvd-78702/unit-A/home/174618209,2414 E M L King Jr Blvd,"Austin, TX 78722","2414 E M L King Jr Blvd Austin, TX 78722",30.28231,-97.70557,Unit A,House,1.5,2,1355,71,Moderate Noise,N,3/18/2021,N,6534,N,N,549900,2017
https://www.redfin.com/TX/Austin/3811-Cherrywood-Rd-78722/home/31407830,3811 Cherrywood Rd,"Austin, TX 78722","3811 Cherrywood Rd Austin, TX 78722",30.29197,-97.71313,,House,2,3,1501,71,Moderate Noise,Y,11/3/2020,Y,7710,Y,Y,612500,1949
https://www.redfin.com/TX/Austin/2205-Alamo-St-78722/home/31388963,"2205 Alamo St,","Austin, TX 78722","2205 Alamo St, Austin, TX 78722",30.28357,-97.71993,,House,1,2,744,71,Moderate Noise,Y,3/9/2021,N,5401,Y,Y,615000,1933
https://www.redfin.com/TX/Austin/3810-Cherrywood-Rd-78722/home/31406760,3810 Cherrywood Rd,"Austin, TX 78722","3810 Cherrywood Rd Austin, TX 78722",30.2922,-97.71355,,House,2,3,1701,71,Moderate Noise,Y,2/3/2021,Y,9958,Y,Y,640000,1960
https://www.redfin.com/TX/Austin/2100-E-22nd-St-78722/unit-1/home/172473705,2100 E 22nd St,"Austin, TX 78722","2100 E 22nd St Austin, TX 78722",30.28332,-97.71988,#1,House,2.5,3,1697,71,Moderate Noise,Y,3/26/2021,Y,2875,Y,Y,725000,2020
https://www.redfin.com/TX/Austin/3007-Breeze-Ter-78722/home/31396125,3007 Breeze Ter,"Austin, TX 78722","3007 Breeze Ter Austin, TX 78722",30.28607,-97.71831,,House,3,4,2123,71,Moderate Noise,Y,8/19/2020,Y,9932,Y,N,825000,1950
https://www.redfin.com/TX/Austin/1512-Edgewood-Ave-78722/home/31402426,"1512 Edgewood Ave,","Austin, TX 78722","1512 Edgewood Ave, Austin, TX 78722",30.28856,-97.71664,,House,2,3,1824,71,Moderate Noise,Y,2/25/2021,N,6578,N,N,897675,1949
https://www.redfin.com/TX/Austin/13-Kern-Ramble-St-78722/home/31402327,13 Kern Ramble St,"Austin, TX 78722","13 Kern Ramble StAustin, TX 78722",30.28911,-97.7161,,House,2,3,1650,71,Moderate Noise,Y,4/13/2020,Y,12197,Y,Y,750000,1951
https://www.redfin.com/TX/Austin/14-Kern-Ramble-St-78722/home/31402544,"14 Kern Ramble St,","Austin, TX 78722","14 Kern Ramble St,Austin, TX 78722",30.28971,-97.7163,,House,2,2,1108,71,Moderate Noise,Y,2/15/2019,Y,6926,Y,Y,470000,1946
https://www.redfin.com/TX/Austin/1505-Edgewood-Ave-78722/home/31402346,1505 Edgewood Ave,"Austin, TX 78722","1505 Edgewood AveAustin, TX 78722",30.2885,-97.7176,,House,1.5,3,1715,71,Moderate Noise,N,5/13/2019,N,10062,Y,Y,535921,1950
https://www.redfin.com/TX/Austin/1600-Concordia-Ave-78722/home/31402349,1600 Concordia Ave,"Austin, TX 78722","1600 Concordia AveAustin, TX 78722",30.2904,-97.7153,,House,2,2,1475,71,Moderate Noise,Y,10/5/2018,Y,14375,Y,Y,650000,1956
https://www.redfin.com/TX/Austin/2006-Poquito-St-78722/home/31389025,2006 Poquito St,"Austin, TX 78722","2006 Poquito StAustin, TX 78722",30.28143,-97.7207,,House,1,2,720,71,Moderate Noise,Y,6/28/2019,N,6342,Y,Y,393780,1935
https://www.redfin.com/TX/Austin/3102-Breeze-Ter-78722/home/31396096,3102 Breeze Ter,"Austin, TX 78722","3102 Breeze TerAustin, TX 78722",30.28679,-97.7184,,House,1,2,1061,71,Moderate Noise,Y,12/29/2017,N,8189,N,N,500000,1948
https://www.redfin.com/TX/Austin/3506-Clarkson-Ave-78722/home/31402366,"3506 Clarkson Ave,","Austin, TX 78722","3506 Clarkson Ave,Austin, TX 78722",30.29067,-97.7151,,House,1,2,756,71,Moderate Noise,Y,10/31/2018,N,7231,N,Y,318500,1947
https://www.redfin.com/TX/Austin/3706-Cherrywood-Rd-78722/home/31402412,3706 Cherrywood Rd,"Austin, TX 78722","3706 Cherrywood RdAustin, TX 78722",30.29102,-97.7143,,House,2.5,3,1356,71,Moderate Noise,Y,5/24/2019,N,7536,N,Y,615000,1950
https://www.redfin.com/TX/Austin/2935-Moss-St-78722/unit-2/home/172720902,2935 Moss St ,"Austin, TX 78722","2935 Moss St  Austin, TX 78722",30.28475,-97.70679,"#2,",House,2.5,2,862,72,Moderate Noise,Y,9/17/2020,Y,5881,N,N,395000,2020
https://www.redfin.com/TX/Austin/3807-Grayson-Ln-78722/home/31403091,"3807 Grayson Ln,","Austin, TX 78722","3807 Grayson Ln, Austin, TX 78722",30.28921,-97.70855,,House,2,3,1152,72,Moderate Noise,Y,2/26/2021,Y,8276,Y,Y,560000,1950
https://www.redfin.com/TX/Austin/3505-Banton-Rd-78722/unit-A/home/101639375,3505 Banton Rd ,"Austin, TX 78722","3505 Banton Rd  Austin, TX 78722",30.28737,-97.70815,Unit A,House,2.5,3,1576,72,Moderate Noise,Y,10/5/2020,Y,4182,Y,Y,595000,2015
https://www.redfin.com/TX/Austin/3201-Larry-Ln-78722/unit-B/home/144003910,3201 Larry Ln ,"Austin, TX 78722","3201 Larry Ln  Austin, TX 78722",30.28547,-97.71279,"Unit B,",House,2.5,3,1762,72,Moderate Noise,Y,8/18/2020,Y,5009,Y,Y,599000,2015
https://www.redfin.com/TX/Austin/2002-Alamo-St-78722/home/31388977,"2002 Alamo St,","Austin, TX 78722","2002 Alamo St, Austin, TX 78722",30.28134,-97.71971,,House,3.5,3,2455,72,Moderate Noise,Y,1/29/2021,Y,4400,Y,Y,939000,2020
https://www.redfin.com/TX/Austin/1703-Giles-St-78722/home/31402381,"1703 Giles St,","Austin, TX 78722","1703 Giles St,Austin, TX 78722",30.29035,-97.714,,House,1,2,809,72,Moderate Noise,N,1/2/2019,N,13068,N,N,387500,1947
https://www.redfin.com/TX/Austin/1813-E-39th-St-78722/home/31407613,1813 E 39th St,"Austin, TX 78722","1813 E 39th StAustin, TX 78722",30.29019,-97.7087,,House,2,3,1575,72,Moderate Noise,Y,5/14/2020,Y,10542,Y,N,500000,1954
https://www.redfin.com/TX/Austin/2511-Givens-Ave-78722/unit-1/home/31391998,"2511 Givens Ave,",", Austin, TX 78722","2511 Givens Ave,, Austin, TX 78722",30.28145,-97.7149,,House,1,3,1137,72,Moderate Noise,Y,2/7/2020,N,6926,N,N,400000,1959
https://www.redfin.com/TX/Austin/3301-Cherrywood-Rd-78722/home/31402416,3301 Cherrywood Rd,"Austin, TX 78722","3301 Cherrywood RdAustin, TX 78722",30.28796,-97.7157,,House,2,3,1378,72,Moderate Noise,Y,12/28/2018,Y,8727,N,Y,387500,1953
https://www.redfin.com/TX/Austin/3312-Cherrywood-Rd-78722/home/31402319,3312 Cherrywood Rd,"Austin, TX 78722","3312 Cherrywood RdAustin, TX 78722",30.28911,-97.7156,,House,2.5,3,2045,72,Moderate Noise,Y,8/30/2019,Y,7153,Y,Y,745000,1952
https://www.redfin.com/TX/Austin/3812-Half-Penny-Rd-78722/home/31407826,3812 Half Penny Rd,"Austin, TX 78722","3812 Half Penny RdAustin, TX 78722",30.29199,-97.7126,,House,1,3,1332,72,Moderate Noise,N,9/18/2019,N,8965,Y,Y,455000,1950
https://www.redfin.com/TX/Austin/4011-Vineland-Dr-78722/home/31407674,4011 Vineland Dr,"Austin, TX 78722","4011 Vineland DrAustin, TX 78722",30.29301,-97.7087,,House,2,3,1828,72,Moderate Noise,N,11/26/2018,Y,11326,Y,Y,585000,1963
https://www.redfin.com/TX/Austin/2932-Eckert-St-78722/home/31393099,2932 Eckert St,"Austin, TX 78722","2932 Eckert St Austin, TX 78722",30.2836,-97.70647,,House,1,3,950,73,Moderate Noise,N,5/1/2021,N,5645,N,N,415000,1948
https://www.redfin.com/TX/Austin/2935-Eckert-St-78722/home/31393212,"2935 Eckert St, Austin","Austin, TX 78722","2935 Eckert St, Austin Austin, TX 78722",30.28327,-97.7062,,House,2,3,1375,73,Moderate Noise,Y,11/25/2020,Y,6360,Y,Y,430000,1948
https://www.redfin.com/TX/Austin/1708-E-38th-1-2-St-78722/home/31407618,"1708 E 38 1/2 St,","Austin, TX 78722","1708 E 38 1/2 St, Austin, TX 78722",30.29118,-97.71192,,House,1,2,1114,73,Moderate Noise,N,1/10/2020,N,7840,N,N,465000,1951
https://www.redfin.com/TX/Austin/2933-Eckert-St-78722/home/31393211,2933 Eckert St,"Austin, TX 78722","2933 Eckert St Austin, TX 78722",30.28326,-97.70636,,House,1,2,766,73,Moderate Noise,Y,3/12/2021,Y,6447,N,Y,480000,1948
https://www.redfin.com/TX/Austin/2931-Eckert-St-78722/unit-A/home/31157097,2931 Eckert St ,"Austin, TX 78722","2931 Eckert St  Austin, TX 78722",30.28324,-97.70663,Unit A,House,2.5,3,1600,73,Moderate Noise,Y,8/18/2020,N,7013,Y,Y,530000,2007
https://www.redfin.com/TX/Austin/1726-E-32nd-St-78722/home/31396215,1726 E 32nd St,"Austin, TX 78722","1726 E 32nd St Austin, TX 78722",30.28641,-97.71463,,House,2,2,1001,73,Moderate Noise,Y,11/25/2020,Y,9287,Y,Y,570000,1957
https://www.redfin.com/TX/Austin/3109-Walnut-Ave-78722/unit-1/home/173263094,3109 Walnut Ave,"Austin, TX 78722","3109 Walnut Ave Austin, TX 78722",30.286,-97.7141," #1,",House,2,3,2370,73,Moderate Noise,N,3/9/2021,N,6534,N,N,650000,1953
https://www.redfin.com/TX/Austin/3902-Sycamore-Dr-78722/home/31407809,"3902 Sycamore Dr,","Austin, TX 78722","3902 Sycamore Dr, Austin, TX 78722",30.29269,-97.71217,,House,2,3,1962,73,Moderate Noise,Y,11/27/2020,Y,8712,Y,Y,739022,1952
https://www.redfin.com/TX/Austin/1911-Chestnut-Ave-78722/home/31393580,1911 Chestnut Ave,"Austin, TX 78722","1911 Chestnut Ave Austin, TX 78722",30.28146,-97.71726,,House,2,2,1443,73,Moderate Noise,N,3/9/2021,N,8673,N,N,844000,1962
https://www.redfin.com/TX/Austin/2003-Rountree-Dr-78722/unit-2/home/168212200,2003 Rountree Dr,"Austin, TX 78722","2003 Rountree DrAustin, TX 78722",30.28309,-97.7067,#2,House,1.5,2,920,73,Moderate Noise,Y,10/29/2019,Y,6142,N,N,355000,2019
https://www.redfin.com/TX/Austin/2007-Alamo-St-78722/unit-B/home/109917249,2007 Alamo St,"Austin, TX 78722","2007 Alamo StAustin, TX 78722",30.28173,-97.7195,Unit B,House,1,2,730,73,Moderate Noise,N,12/6/2019,N,3092,Y,Y,305350,1930
https://www.redfin.com/TX/Austin/2101-Rountree-Dr-78722/home/31393192,"2101 Rountree Dr,","Austin, TX 78722","2101 Rountree Dr,Austin, TX 78722",30.28362,-97.7067,,House,1,3,1025,73,Moderate Noise,Y,5/22/2018,N,6486,Y,Y,370000,1948
https://www.redfin.com/TX/Austin/2934-Eckert-St-78722/home/31393096,"2934 Eckert St,","Austin, TX 78722","2934 Eckert St,Austin, TX 78722",30.28361,-97.7063,,House,1,2,840,73,Moderate Noise,N,6/22/2017,N,5793,N,N,265000,1948
https://www.redfin.com/TX/Austin/3207-Merrie-Lynn-Ave-78722/unit-A/home/40947436,3207 Merrie Lynn Ave,"Austin, TX 78722","3207 Merrie Lynn Ave Austin, TX 78722",30.2861,-97.712,"Unit A,",House,2.5,3,1604,73,Moderate Noise,Y,12/4/2019,N,3930,N,Y,500000,2009
https://www.redfin.com/TX/Austin/3317-Cherrywood-Rd-78722/unit-A/home/31402408,3317 Cherrywood Rd,"Austin, TX 78722","3317 Cherrywood RdAustin, TX 78722",30.28905,-97.7151,,House,2,3,1248,73,Moderate Noise,N,10/31/2016,N,7427,N,N,420000,1951
https://www.redfin.com/TX/Austin/3506-Banton-Rd-78722/home/31402187,"3506 Banton Rd,","Austin, TX 78722","3506 Banton Rd,Austin, TX 78722",30.2873,-97.7087,,House,1,2,992,73,Moderate Noise,Y,5/6/2019,N,13068,Y,N,391500,1949
https://www.redfin.com/TX/Austin/3709-Grayson-Ln-78722/unit-B/home/31402157,3709 Grayson Ln W,"Austin, TX 78722","3709 Grayson Ln W Austin, TX 78722",30.28859,-97.7086,Unit B,House,2.5,3,1827,73,Moderate Noise,Y,1/17/2019,N,8668,Y,Y,475000,2018
https://www.redfin.com/TX/Austin/3804-Vineland-Dr-78722/unit-B/home/147336602,3804 Vineland,"Austin, TX 78722","3804 VinelandAustin, TX 78722",30.28968,-97.711,,House,2,3,1317,73,Moderate Noise,Y,9/7/2017,Y,3616,N,N,358000,2007
https://www.redfin.com/TX/Austin/3808-Sycamore-Dr-78722/home/31407619,"3808 Sycamore Dr,","Austin, TX 78722","3808 Sycamore Dr,Austin, TX 78722",30.2911,-97.7116,,House,2,3,1544,73,Moderate Noise,Y,7/27/2018,N,11326,N,N,460000,1953
https://www.redfin.com/TX/Austin/3811-Brookview-Rd-78722/home/31407625,3811 Brookview Rd,"Austin, TX 78722","3811 Brookview RdAustin, TX 78722",30.29047,-97.71,,House,2,3,2185,73,Moderate Noise,N,11/26/2019,N,11326,N,N,488000,1951
https://www.redfin.com/TX/Austin/3904-Sycamore-Dr-78722/home/31407810,"3904 Sycamore Dr,","Austin, TX 78722","3904 Sycamore Dr,Austin, TX 78722",30.29292,-97.7121,,House,3,3,1708,73,Moderate Noise,Y,10/6/2016,Y,9335,Y,Y,549120,1961
https://www.redfin.com/TX/Austin/1702-Giles-St-78722/home/31402224,"1702 Giles St,","Austin, TX 78722","1702 Giles St, Austin, TX 78722",30.29034,-97.71355,,House,1,2,1230,74,Moderate Noise,Y,10/1/2020,Y,7187,N,Y,365000,1947
https://www.redfin.com/TX/Austin/2102-A-B-Rountree-Dr-78722/home/171366818,"2102 A & B Rountree Dr,","Austin, TX 78722","2102 A & B Rountree Dr, Austin, TX 78722",30.28373,-97.70713,,House,2,3,1554,74,Moderate Noise,N,7/10/2020,N,6360,N,N,495000,1948
https://www.redfin.com/TX/Austin/2206-Alexander-Ave-78722/home/31393225,"2206 Alexander Ave,","Austin, TX 78722","2206 Alexander Ave, Austin, TX 78722",30.2849,-97.71027,,House,2,3,1390,74,Moderate Noise,Y,7/2/2020,N,6098,Y,Y,499900,1946
https://www.redfin.com/TX/Austin/3509-Grayson-Ln-78722/home/31402189,"3509 Grayson Ln,","Austin, TX 78722","3509 Grayson Ln, Austin, TX 78722",30.28753,-97.7092,,House,2,2,1426,74,Moderate Noise,Y,10/28/2020,Y,10759,N,Y,570000,1950
https://www.redfin.com/TX/Austin/3811-Half-Penny-Rd-78722/home/31407631,"3811 Half Penny Rd,","Austin, TX 78722","3811 Half Penny Rd, Austin, TX 78722",30.29164,-97.71236,,House,2,3,1952,74,Moderate Noise,Y,4/9/2021,Y,10411,N,N,710000,1951
https://www.redfin.com/TX/Austin/3702-Grayson-Ln-78722/home/31402161,3702 Grayson Ln,"Austin, TX 78722","3702 Grayson Ln Austin, TX 78722",30.28832,-97.70917,,House,2,3,1667,74,Moderate Noise,Y,8/27/2020,Y,7057,Y,Y,765432,1949
https://www.redfin.com/TX/Austin/2200-E-20th-St-78722/home/31392068,2200 E 20th St,"Austin, TX 78722","2200 E 20th St Austin, TX 78722",30.2815,-97.71836,,House,4,6,2887,74,Moderate Noise,Y,10/30/2020,Y,4595,N,N,1096000,2020
https://www.redfin.com/TX/Austin/1706-E-40th-St-78722/home/31406724,"1706 E 40th St,","Austin, TX 78722","1706 E 40th St,Austin, TX 78722",30.2933,-97.7112,,House,2.5,4,2227,74,Moderate Noise,Y,9/25/2017,Y,8799,Y,N,688750,1948
https://www.redfin.com/TX/Austin/2005-Chestnut-Ave-78722/home/31392010,"2005 Chestnut Ave,","Austin, TX 78722","2005 Chestnut Ave,Austin, TX 78722",30.28189,-97.7174,,House,1,3,1092,74,Moderate Noise,Y,6/4/2018,Y,10237,Y,N,370000,1920
https://www.redfin.com/TX/Austin/2118-Rountree-Dr-78722/home/31393261,2118 Rountree Dr,"Austin, TX 78722","2118 Rountree DrAustin, TX 78722",30.28474,-97.7077,,House,1,2,810,74,Moderate Noise,N,7/1/2019,Y,6669,N,N,313000,1950
https://www.redfin.com/TX/Austin/2202-Alexander-Ave-78722/home/31393227,2202 Alexander Ave,"Austin, TX 78722","2202 Alexander AveAustin, TX 78722",30.28462,-97.7103,,House,2,3,1786,74,Moderate Noise,Y,4/1/2019,N,6,Y,Y,555000,2012
https://www.redfin.com/TX/Austin/3209-Merrie-Lynn-Ave-78722/home/31402103,3209 Merrie Lynn Ave,"Austin, TX 78722","3209 Merrie Lynn AveAustin, TX 78722",30.28625,-97.712,,House,1,2,856,74,Moderate Noise,N,9/6/2018,N,7971,Y,Y,380350,1948
https://www.redfin.com/TX/Austin/3308-Hemlock-Ave-78722/home/31402400,3308 Hemlock Ave,"Austin, TX 78722","3308 Hemlock AveAustin, TX 78722",30.28828,-97.7148,,House,1,2,912,74,Moderate Noise,Y,5/15/2018,N,6750,N,N,400000,1950
https://www.redfin.com/TX/Austin/3706-Grayson-Ln-78722/home/31402163,"3706 Grayson Ln,","Austin, TX 78722","3706 Grayson Ln,Austin, TX 78722",30.28861,-97.7091,,House,2,3,1449,74,Moderate Noise,Y,7/20/2016,N,6970,N,N,491800,1949
https://www.redfin.com/TX/Austin/3810-Sycamore-Dr-78722/home/31407620,3810 Sycamore Dr,"Austin, TX 78722","3810 Sycamore DrAustin, TX 78722",30.29133,-97.7117,,House,2,3,1835,74,Moderate Noise,Y,6/7/2019,Y,7492,N,N,616000,1951
https://www.redfin.com/TX/Austin/3706-Basford-Rd-78722/home/31402292,"3706 Basford Rd,","Austin, TX 78722","3706 Basford Rd, Austin, TX 78722",30.28889,-97.71002,,House,1,3,1334,75,Moderate Noise,Y,7/27/2020,Y,10019,N,N,350000,1951
https://www.redfin.com/TX/Austin/2104-Maple-Ave-78722/unit-B/home/171154691,2104 Maple Ave ,"Austin, TX 78722","2104 Maple Ave  Austin, TX 78722",30.28303,-97.71699,"Unit B,",House,2.5,2,1060,75,Low Noise,Y,6/23/2020,Y,7405,Y,Y,484500,2020
https://www.redfin.com/TX/Austin/3507-Grayson-Ln-78722/home/31402184,"3507 Grayson Ln,","Austin, TX 78722","3507 Grayson Ln, Austin, TX 78722",30.2874,-97.70931,,House,1,2,861,75,Low Noise,Y,2/10/2021,Y,16988,Y,N,550000,1949
https://www.redfin.com/TX/Austin/3507-Basford-Rd-78722/home/31402111,"3507 Basford Rd,","Austin, TX 78722","3507 Basford Rd, Austin, TX 78722",30.288219,-97.7099,,House,2,2,1368,75,Low Noise,Y,9/29/2020,Y,6839,N,N,599000,1950
https://www.redfin.com/TX/Austin/2102-Maple-Ave-78722/unit-2/home/172501507,2102 Maple Ave ,"Austin, TX 78722","2102 Maple Ave  Austin, TX 78722",30.28289,-97.71695,"#2,",House,2.5,3,1398,75,Low Noise,Y,7/16/2020,Y,7405,N,N,600000,2020
https://www.redfin.com/TX/Austin/3904-Vineland-Dr-78722/home/31407696,"3904 Vineland Dr,","Austin, TX 78722","3904 Vineland Dr, Austin, TX 78722",30.29178,-97.70974,,House,2,3,1692,75,Low Noise,N,6/11/2020,N,9496,Y,N,685000,1963
https://www.redfin.com/TX/Austin/2205-Curtis-Ave-78722/unit-1/home/171247648,2205 Curtis Ave ,"Austin, TX 78722","2205 Curtis Ave  Austin, TX 78722",30.28445,-97.71215,#1,House,3.5,4,2588,75,Low Noise,Y,7/2/2020,Y,3484,Y,Y,778500,2020
https://www.redfin.com/TX/Austin/2106-Maple-Ave-78722/unit-1/home/173967214,2106 Maple Ave ,"Austin, TX 78722","2106 Maple Ave  Austin, TX 78722",30.28317,-97.717,#1,House,2.5,3,1830,75,Low Noise,Y,2/9/2021,Y,7187,N,Y,906000,2020
https://www.redfin.com/TX/Austin/1722-Giles-St-78722/home/31402253,1722 Giles St,", Austin, TX 78722","1722 Giles St, Austin, TX 78722",30.28939,-97.7119,,House,2,3,1057,75,Low Noise,Y,5/26/2017,N,7231,Y,Y,385000,1949
https://www.redfin.com/TX/Austin/1802-E-40th-St-78722/home/31406799,"1802 E 40th St,","Austin, TX 78722","1802 E 40th St,Austin, TX 78722",30.29259,-97.7098,,House,3,4,2027,75,Low Noise,N,9/14/2018,N,9322,Y,Y,615000,1950
https://www.redfin.com/TX/Austin/2003-Coleto-St-78722/home/31391969,"2003 Coleto St,","Austin, TX 78722","2003 Coleto St,Austin, TX 78722",30.28167,-97.7184,,House,2,3,1742,75,Low Noise,Y,12/15/2017,N,5401,Y,N,493000,1928
https://www.redfin.com/TX/Austin/2804-E-22nd-St-78722/unit-B/home/31393222,2804 E 22nd St,"Austin, TX 78722","2804 E 22nd St Austin, TX 78722",30.28444,-97.7118,Unit B,House,1,6,3332,75,Low Noise,N,9/28/2018,N,9901,Y,Y,579000,2017
https://www.redfin.com/TX/Austin/3500-Basford-Rd-78722/home/31402298,3500 Basford Rd,"Austin, TX 78722","3500 Basford RdAustin, TX 78722",30.28752,-97.7101,,House,1,2,838,75,Low Noise,Y,4/5/2019,N,10685,N,Y,420000,1950
https://www.redfin.com/TX/Austin/3503-Grayson-Ln-78722/home/31402304,3503 Grayson Ln,"Austin, TX 78722","3503 Grayson LnAustin, TX 78722",30.28734,-97.7097,,House,1,2,1005,75,Low Noise,Y,2/19/2020,N,12197,N,Y,354000,1950
https://www.redfin.com/TX/Austin/3903-Vineland-Dr-78722/home/31407689,"3903 Vineland Dr,","Austin, TX 78722","3903 Vineland Dr,Austin, TX 78722",30.29144,-97.7094,,House,1,3,1800,75,Low Noise,Y,8/25/2017,Y,14375,N,N,494900,1958
https://www.redfin.com/TX/Austin/3213-Walnut-Ave-78722/home/31402199,3213 Walnut Ave,"Austin, TX 78722","3213 Walnut Ave Austin, TX 78722",30.28739,-97.71442,,House,1,3,944,76,Low Noise,Y,7/22/2020,Y,8712,Y,Y,462000,1955
https://www.redfin.com/TX/Austin/2801-E-22nd-St-78722/home/31393282,2801 E 22nd St,"Austin, TX 78722","2801 E 22nd St Austin, TX 78722",30.28385,-97.71199,,House,1,2,720,76,Low Noise,Y,9/18/2020,N,12197,N,Y,505000,1935
https://www.redfin.com/TX/Austin/2107-Maple-Ave-78722/home/31391985,"2107 Maple Ave,","Austin, TX 78722","2107 Maple Ave, Austin, TX 78722",30.28337,-97.71664,,House,1,2,750,76,Low Noise,Y,4/9/2021,N,6264,Y,N,550000,1959
https://www.redfin.com/TX/Austin/3509-Vineland-Dr-78722/home/31402215,"3509 Vineland Dr,","Austin, TX 78722","3509 Vineland Dr, Austin, TX 78722",30.28839,-97.71138,,House,3,3,1750,76,Low Noise,Y,12/30/2020,N,7144,Y,Y,685000,1952
https://www.redfin.com/TX/Austin/2606-Rogers-Ave-78722/unit-A/home/109914289,2606 Rogers Ave ,"Austin, TX 78722","2606 Rogers Ave  Austin, TX 78722",30.28324,-97.71448,Unit A,House,3,5,1988,76,Low Noise,Y,2/12/2021,Y,5227,Y,Y,715000,2014
https://www.redfin.com/TX/Austin/2800-E-22nd-St-78722/unit-1/home/171299278,2800 E 22nd St ,"Austin, TX 78722","2800 E 22nd St  Austin, TX 78722",30.28427,-97.71209,#1,House,3.5,3,2192,76,Low Noise,Y,5/22/2020,Y,3477,Y,Y,747000,2020
https://www.redfin.com/TX/Austin/2507-Weber-Ave-78722/home/31391963,"2507 Weber Ave,",", Austin, TX 78722","2507 Weber Ave,, Austin, TX 78722",30.28219,-97.7154,,House,2,3,2072,76,Low Noise,Y,5/16/2019,Y,7841,N,N,430000,1958
https://www.redfin.com/TX/Austin/2606-Rogers-Ave-78722/unit-B/home/62232803,2606 Rogers Ave,"Austin, TX 78722","2606 Rogers AveAustin, TX 78722",30.28324,-97.7145,Unit B,House,1.5,2,942,76,Low Noise,Y,9/17/2019,Y,2222,N,N,375000,2014
https://www.redfin.com/TX/Austin/2706-E-22nd-St-78722/home/31393302,2706 E 22nd St,"Austin, TX 78722","2706 E 22nd StAustin, TX 78722",30.28411,-97.7134,,House,1,2,909,76,Low Noise,N,7/31/2018,N,10020,N,N,435000,1930
https://www.redfin.com/TX/Austin/2803-E-22nd-St-78722/home/31393281,2803 E 22nd St,"Austin, TX 78722","2803 E 22nd StAustin, TX 78722",30.2839,-97.7118,,House,2,2,1356,76,Low Noise,Y,3/22/2017,Y,12197,N,N,545000,1937
https://www.redfin.com/TX/Austin/2808-E-22nd-St-78722/home/31393220,2808 E 22nd St,", Austin, TX 78722","2808 E 22nd St, Austin, TX 78722",30.28436,-97.7115,,House,1,3,884,76,Low Noise,Y,4/3/2020,N,9888,N,N,508000,1946
https://www.redfin.com/TX/Austin/3319-Hemlock-Ave-78722/home/31402244,"3319 Hemlock Ave,","Austin, TX 78722","3319 Hemlock Ave,Austin, TX 78722",30.2887,-97.7141,,House,2,3,1668,76,Low Noise,Y,10/19/2018,N,7230,Y,N,480000,1951
https://www.redfin.com/TX/Austin/3505-Vineland-Dr-78722/home/31402213,"3505 Vineland Dr,",", Austin, TX 78722","3505 Vineland Dr,, Austin, TX 78722",30.28815,-97.7112,,House,1,2,728,76,Low Noise,Y,9/18/2019,N,6360,Y,N,308000,1954
https://www.redfin.com/TX/Austin/3403-Merrie-Lynn-Ave-78722/home/31402117,3403 Merrie Lynn Ave,"Austin, TX 78722","3403 Merrie Lynn Ave Austin, TX 78722",30.28777,-97.71214,,House,2,3,1655,77,Low Noise,Y,7/31/2020,Y,9849,Y,Y,485700,1956
https://www.redfin.com/TX/Austin/3313-Merrie-Lynn-Ave-78722/home/31402096,"3313 Merrie Lynn Ave,","Austin, TX 78722","3313 Merrie Lynn Ave,Austin, TX 78722",30.28739,-97.7122,,House,1,3,1440,77,Low Noise,Y,6/20/2019,N,7797,N,N,307500,1966
